{"train_loss": 2.3320041714292583, "train_acc": 0.2550484973763714, "valid_loss": 2.3570118867433987, "valid_acc": 23.876765083440308, "_timestamp": 1670913593.2963638, "_runtime": 487.8405387401581, "_step": 99, "_wandb": {"runtime": 486}}