{"train_loss": 2.923037678206048, "train_acc": 14.477468839884947, "valid_loss": 2.9066748744563053, "valid_acc": 16.295025728987994, "_timestamp": 1670932413.1380706, "_runtime": 21.801466464996338, "_step": 0, "_wandb": {"runtime": 20}}