{"train_loss": 2.828479932279003, "train_acc": 16.21391285820816, "valid_loss": 2.829263260490016, "valid_acc": 16.295025728987994, "_timestamp": 1670932631.0902076, "_runtime": 173.61992359161377, "_step": 9, "_wandb": {"runtime": 172}}