{"train_loss": 2.9252437294579083, "train_acc": 7.496340950918023, "valid_loss": 2.907306744502141, "valid_acc": 9.114249037227214, "_timestamp": 1670935627.6003845, "_runtime": 119.4786274433136, "_step": 0, "_wandb": {"runtime": 216}}