{"train_loss": 2.936228012552067, "train_acc": 10.354745925215724, "valid_loss": 2.9320427618528666, "valid_acc": 19.554030874785592, "_timestamp": 1670931432.9673078, "_runtime": 21.78568387031555, "_step": 0, "_wandb": {"runtime": 20}}