{"train_loss": 2.7085611414747173, "train_acc": 19.708106956429102, "valid_loss": 2.6636677980422974, "valid_acc": 21.612349914236706, "_timestamp": 1670925245.1518342, "_runtime": 74.35524129867554, "_step": 9, "_wandb": {"runtime": 73}}