{"train_loss": 2.678878203541243, "train_acc": 21.327367636092468, "valid_loss": 2.627639801878678, "valid_acc": 22.126929674099486, "_timestamp": 1670931818.8813355, "_runtime": 173.4331715106964, "_step": 9, "_wandb": {"runtime": 172}}