{"train_loss": 2.756230122378083, "train_acc": 21.764141898370088, "valid_loss": 2.730527815065886, "valid_acc": 23.499142367066895, "_timestamp": 1670932885.1231656, "_runtime": 173.75712656974792, "_step": 9, "_wandb": {"runtime": 172}}