{"train_loss": 2.155958695915477, "train_acc": 30.07665888967786, "valid_loss": 2.2289127019735484, "valid_acc": 25.802310654685495, "_timestamp": 1670941795.0132322, "_runtime": 5781.233961343765, "_step": 49, "_wandb": {"runtime": 5780}}