{"train_loss": 2.6884914806910922, "train_acc": 19.292638755726006, "valid_loss": 2.6436156850112114, "valid_acc": 20.497427101200685, "_timestamp": 1670925628.3046265, "_runtime": 74.00338244438171, "_step": 9, "_wandb": {"runtime": 72}}