{"train_loss": 2.3044195832038414, "train_acc": 27.43155427719186, "valid_loss": 2.249275521228188, "valid_acc": 28.730703259005146, "_timestamp": 1670934672.7256818, "_runtime": 1699.88530087471, "_step": 99, "_wandb": {"runtime": 1698}}