{"train_loss": 2.94021936663154, "train_acc": 5.134760839458826, "valid_loss": 2.931971462149369, "valid_acc": 13.379073756432247, "_timestamp": 1670932192.763283, "_runtime": 21.827203035354614, "_step": 0, "_wandb": {"runtime": 20}}