{"train_loss": 2.6587390088710654, "train_acc": 22.126344945136893, "valid_loss": 2.619110188986126, "valid_acc": 22.898799313893655, "_timestamp": 1670925003.5121324, "_runtime": 74.51874732971191, "_step": 9, "_wandb": {"runtime": 73}}