{"train_loss": 2.941088261043064, "train_acc": 5.2588867796020695, "valid_loss": 2.9367625346550574, "valid_acc": 5.263157894736842, "_timestamp": 1670932071.7852204, "_runtime": 126.41892147064209, "_step": 0}