{"train_loss": 2.9208345396989057, "train_acc": 14.786406732715458, "valid_loss": 2.898726362931101, "valid_acc": 16.295025728987994, "_timestamp": 1670931896.9305336, "_runtime": 21.82947874069214, "_step": 0, "_wandb": {"runtime": 20}}