{"train_loss": 2.857623410062725, "train_acc": 16.21391285820816, "valid_loss": 2.8589089920646265, "valid_acc": 16.295025728987994, "_timestamp": 1670942528.8520203, "_runtime": 89.39526128768921, "_step": 4, "_wandb": {"runtime": 88}}